,user_id,lexeme_id,n_correct,n_seen
0,u:grpA,2b97dce464f0a69324ffd2955a7eff1f,28.0,32.0
1,u:iJnK,0e9f09196d4abc6a5ae82dd6d8772c95,3.0,3.0
2,u:gOYJ,49be13e31443271f28a234ace28cb91c,10.0,11.0
3,u:hQPg,64abda7edc42c9774a57d91720ad0f4e,3.0,3.0
4,u:iUy0,990c89aba5f77297866df927cafc1a1d,3.0,3.0
5,u:h0i-,b345a1955c1d133f1ec77c943aff6009,3.0,3.0
6,u:iL6L,ab5609e6c607e5642664fed06ffa0713,5.0,5.0
7,u:ixW2,bc4cfc44f8c83e308f291d83b95a5771,4.0,4.0
8,u:hHa_,58dc623cb7357e51b20768411843bde1,7.0,8.0
9,u:i6Lr,ba0a3f9e43bfc46291ffe54c4ff1aa99,4.0,4.0
10,u:iyFH,0146e7216d02bba1a08e6a23e4e744a9,3.0,4.0
11,u:hIuR,1bacf218eaaf9f944e525f7be9b31899,17.0,19.0
12,u:iQID,a52bc2771bde31d4d5e80bd29f350714,3.0,3.0
13,u:hUrb,d6284db28e478d575d8cc24ab1652feb,2.0,2.0
14,u:ik7v,65e39bd07057893f74d8db10b367f7aa,23.0,27.0
15,u:iP5d,bfa2713c4f93d7341626fd88601d008b,3.0,3.0
16,u:hu1J,d3619a3e50c3b522703d66166855d3bf,4.0,6.0
17,u:iE8X,0ed4e535d399f10f462b2f1e51b97d3f,3.0,3.0
18,u:gSxn,88128dcea3ea4913d99b389a6be9f2c2,6.0,9.0
19,u:ii8w,55f383178cf0fdc463ef1ebf91bd288d,5.0,6.0
20,u:eC0W,842bf8157c0a8dad3262d43a13c8f089,2.0,3.0
21,u:fAOt,31816c32dd8fdedbaa18851d825f5482,9.0,12.0
22,u:ixEm,e742bc8240d2a9d1e44a1f5d52684239,2.0,3.0
23,u:iX9j,1bacf218eaaf9f944e525f7be9b31899,4.0,4.0
24,u:iNp9,baa2d2366f5bb5b8e0ea7571c4af710b,3.0,3.0
25,u:eW8R,ad1ce3b238b7286adba60b1da4041594,7.0,7.0
26,u:i-TH,a96439c6627d7b2447435b1a5f32eade,1.0,2.0
27,u:iHwc,b788f6341ae71b9e2b8132609644b175,2.0,2.0
28,u:iRRS,e23a75193507ed70051a82f39fb7abf1,3.0,3.0
29,u:idfe,61c2f4dd9c024c9d99910ba2b04590b1,12.0,13.0
30,u:gg4J,14bcb8f93e4a16b09fcc2a4f90072b22,15.0,16.0
31,u:ipwH,768f410a8fc1caa64ee36071082a231c,3.0,3.0
32,u:goP0,3629ee563c2d56a4869e100a38014108,5.0,5.0
33,u:h0y-,142ad0f32d08728de0f9955df5b83f32,18.0,20.0
34,u:bxW0,d42adb3343d855fa2a1e94295a90c6dd,3.0,3.0
35,u:i6hL,5b714a6b291731d4b753c6372cde357a,2.0,2.0
36,u:eO5R,2b02940d1611b62e715e325c2ff4bad5,2.0,3.0
37,u:fcAR,94256143c28ad9010ded87d4ce69a9bd,2.0,6.0
38,u:hgDb,2627b8b437f653e9d83ecca78276326e,2.0,2.0
39,u:iK4s,faa6fd18132b358958e440322ee82b4b,6.0,8.0
40,u:hAy2,636b31a6256d1f7dadfd08eac27090d2,7.0,7.0
41,u:hXeZ,9e1f56b08922d1d9f7ab663b58d88367,1.0,4.0
42,u:i4_B,c52ab45d4e22ee7580041911159e3c0c,4.0,4.0
43,u:ie-f,1f4bb36e5aa8231dc04d772d8f4dc839,2.0,2.0
44,u:gsvR,4f5b0cd71bfa77c08eb61bb64522c8b4,13.0,14.0
45,u:-fk,56d40fb7b9c3644375aad62b1c725f2c,10.0,13.0
46,u:i5xp,e0aa39569dc04dde716999653ed53a0e,3.0,3.0
47,u:emc8,d27abb5cd2b7d25b51efe43da533b5a6,4.0,6.0
48,u:doPg,335fe9380e553c323369a8509bcc00f6,5.0,5.0
49,u:fQ5J,cc996312cd47e305f8b9058d3afc958c,4.0,6.0
50,u:f5LD,a5acd980d17d726d1c99e7b974d3f52d,4.0,6.0
51,u:imGC,099dfb07f4ace185b82838c1fb5781ff,3.0,3.0
52,u:gX7g,058bbe59ae8750949ec25588ef89fa7f,3.0,3.0
53,u:hJl9,61a7dbfa4d7f9539fca3b141feb55957,2.0,2.0
54,u:hNmL,65e5296142d056fd1403e95fb027f107,22.0,22.0
55,u:hVZ8,51fb73a04c05d6b9cc036aafd897a0ec,3.0,3.0
56,u:XNQ,5f1915e50d225aab53dde5e128e5bfb6,7.0,8.0
57,u:ixnW,d3655c4c158db4993a9ae4f199d95c5e,2.0,2.0
58,u:hY_v,97e922f780d628eac638bea7a02bf496,7.0,9.0
59,u:fJtQ,bb7ca1ff45b2ac26c875c4e764b48935,6.0,7.0
60,u:fTrW,b1d3c09c2fbf94a1bfa279ea186b9a12,16.0,18.0
61,u:cAUR,8b6401409f89715543edb1e0c707c162,7.0,7.0
62,u:h0ZV,2ab9354ca457363cf576534b0193c2a0,2.0,2.0
63,u:i5F1,547bb1812414cec172b0afef5ca93fce,2.0,3.0
64,u:ic8C,3c63da7f7a370e92def18891252d8efe,2.0,2.0
65,u:hyiH,2ca57053774396953fc2c5d4bdaa2205,6.0,7.0
66,u:iWBT,9443f902cdcf9f4da3b5f58d3f657efe,2.0,2.0
67,u:iuFX,b8b55f8044c9109cc9c06da459568e7c,9.0,10.0
68,u:ikhn,2142fe44da374d16f41e73c393d23c79,3.0,3.0
69,u:hYdO,1f4bb36e5aa8231dc04d772d8f4dc839,2.0,3.0
70,u:iVTU,142ad0f32d08728de0f9955df5b83f32,2.0,3.0
71,u:eEKc,f0018f1d6164d3c67265ca716588f7cb,9.0,10.0
72,u:iwo2,e7664931db39d9be2d8f6ecd2c0e004e,1.0,3.0
73,u:iHYt,fe1bb609fdb6337a3524f43bad7c7468,2.0,3.0
74,u:hYKH,b493941dee612f9cb734318c210ab257,4.0,4.0
75,u:ha4d,e83432c98b3619a933438e9300467491,7.0,7.0
76,u:gOYJ,b7a3752c84bc77954e67534210f28e99,2.0,3.0
77,u:ihwj,827a8ecb89f9b59ac5c29b620a5d3ed6,8.0,11.0
78,u:KY_,0bf514fe950f664559f637bd6bf25c27,3.0,3.0
79,u:gLzF,d6e1fec0bdd8524c85b360010522b7ed,3.0,4.0
80,u:hUBn,d0e80d740c4f2d0653951e65952c19d1,10.0,10.0
81,u:ivAm,e3f7a4495f1d47fbca713a5a70dbd8e9,0.0,2.0
82,u:hHOQ,e5f2357532c98ffe4d56cd17b08fbb02,9.0,9.0
83,u:hbuh,486d50260e6bed768670e38a4804e6d3,3.0,3.0
84,u:fVGG,65f61449087b9dbb2083da5a93210fd0,11.0,11.0
85,u:hMCY,1a58b2277c3e1f719702fa8b688f702d,2.0,3.0
86,u:hfhW,9ce1fe6a87fc1751c12e1c36874f49b8,5.0,6.0
87,u:dy9Q,768f410a8fc1caa64ee36071082a231c,2.0,3.0
88,u:jbc3,389d16a7713404bf18de999b57a54eae,3.0,3.0
89,u:fSep,61c2f4dd9c024c9d99910ba2b04590b1,16.0,16.0
90,u:l7X,e15f13f230d129ce73b482d92222ae79,4.0,5.0
91,u:hsHB,a6887fac2c3601b50b3e462a45cc776e,3.0,3.0
92,u:h-7K,ab94aae2b451eece63b55c712145ad61,4.0,5.0
93,u:f628,7b2e60314cad24be935a55062cb7f65e,9.0,10.0
94,u:hYvD,b3240d21fd450022647d50a64c18cace,3.0,3.0
95,u:iPEk,92545dc760008a4cdb29e841e6121952,5.0,6.0
96,u:fqcS,51fb73a04c05d6b9cc036aafd897a0ec,6.0,7.0
97,u:hxsj,e16c578226476ae646530b6356f9b0ad,3.0,4.0
98,u:hJWQ,cd6d617c7071b0bb4b0863ab14ff6d80,4.0,5.0
99,u:h57s,698a096a49f8a164caa5dcbfad271fd8,8.0,10.0
100,u:iPvv,2426304db5c90727ddc772ceaf7aa4d8,2.0,2.0
101,u:fThd,fae183cfa6a19d79e500f55f55775e68,5.0,7.0
102,u:dyE3,88865d60bba3719fc0ef85c0c839fc64,15.0,18.0
103,u:i234,7a271d40b9230ab5e12de433c00506fa,2.0,2.0
104,u:jb_n,390ca9c2868c14c5616c460e4f31762c,3.0,3.0
105,u:iZdI,4394441ba69a3c608cfb446795ad2655,3.0,3.0
106,u:ivHY,4ad91daf2782488b52b80fd4f2288c51,3.0,3.0
107,u:hwz0,0ed4e535d399f10f462b2f1e51b97d3f,3.0,3.0
108,u:hRhT,5553a0dd1adb8ab01dcff49a7a2190e0,5.0,5.0
109,u:hDM4,777af91e5fa39ec1ae6ce2b5570185d9,5.0,6.0
110,u:foV9,678bfa5d0ccd050c12395a792abaff12,7.0,8.0
111,u:iVP,89572d2ea236692120e191282b17695c,8.0,8.0
112,u:iCa8,5cd2980e6883c8c03e38cfd7405a681b,11.0,11.0
113,u:hIOZ,0cbf09b9f0d3767395f1b68918b95c65,3.0,3.0
114,u:iMJJ,099dfb07f4ace185b82838c1fb5781ff,2.0,2.0
115,u:giZh,8ee8a4e20c47cc9487d0421d1997b384,2.0,2.0
116,u:favy,0146e7216d02bba1a08e6a23e4e744a9,2.0,4.0
117,u:fv07,ee9aede3dfe2bb51b154ca6a975b7c37,15.0,15.0
118,u:ghWi,743c58c5dd541b6bd8466547f730466d,5.0,5.0
119,u:iKFT,4facfa4eff94ff8fe71e46ee538be561,4.0,4.0
120,u:d9w2,46341b7c7585f24c7f59ddfd73e02fa9,4.0,4.0
121,u:izjc,ec3bf0aff1f9c75a64d44ac1f13289f0,2.0,2.0
122,u:i9Rf,08dfcd4e6c86bb047be6dc84e77ed664,2.0,2.0
123,u:iHUn,65e39bd07057893f74d8db10b367f7aa,3.0,4.0
124,u:d8Bv,572f3ff64f665273a18f47157cdf155a,3.0,3.0
125,u:ieXD,1560febf08aabe8ae17dd64bb2838142,5.0,5.0
126,u:idO8,af14b4e16acb4132ed19d8254d2bc59b,2.0,3.0
127,u:exsS,80fa96d931f22e78c4a1dd78eff7c9ed,2.0,4.0
128,u:hcMc,97e922f780d628eac638bea7a02bf496,32.0,33.0
129,u:hlQH,fe1bb609fdb6337a3524f43bad7c7468,3.0,3.0
130,u:g8yi,5e29d77697d23070a1fb92eb6c90e9b6,9.0,13.0
131,u:hh1g,165dc4d4b42c9d825cb913541fdd09a7,5.0,5.0
132,u:ilQC,efc2c65bd3a2ab7e0e2d4db65e290699,5.0,5.0
133,u:dhgb,a617ed646a251e339738ce62b84e61ce,23.0,26.0
134,u:iK7A,25dcc7b3420a56110835a165f02513c9,2.0,2.0
135,u:hFqk,fc1b93172eef30156a0b8c388c72571c,7.0,7.0
136,u:ifSz,0cbf09b9f0d3767395f1b68918b95c65,1.0,2.0
137,u:bJje,fec119369ceb49cb5b6d72a58c3e770e,19.0,20.0
138,u:coUf,5c1f70dd4ac671161963d4adbd17d725,3.0,3.0
139,u:g1Y4,4cf7cc58a60045f4396136f6368d8d41,2.0,3.0
140,u:h-dX,b75adbbe28bc61ff5bbeb6908e65d85d,3.0,3.0
141,u:hAls,3924f6a9c93fd8247ba3af6cdad8df98,7.0,7.0
142,u:fFed,0a27664dca412ad3c185ae7efc8b97a0,2.0,3.0
143,u:c0V7,96ed34b4722d866997d35cc228e04d49,6.0,7.0
144,u:gpnC,a617ed646a251e339738ce62b84e61ce,20.0,24.0
145,u:gmQn,59802924354797797d645bb352dd916b,3.0,3.0
146,u:hq_K,c84476c460737d9fb905dca3d35ec995,5.0,6.0
147,u:dtIG,715176b2531f23894fa17069ca039496,5.0,5.0
148,u:hBrR,f00cd5d54171096208a6a1e13ab02ab9,2.0,2.0
149,u:i6I3,74b2ac77cf1b5c548dee1241dd3667b9,2.0,2.0
150,u:iphb,f9fb279a9bd8900d84965a3296c4f746,6.0,7.0
151,u:iyov,b463895af72578dcff1d4ea2bb9eda76,3.0,3.0
152,u:-b,edce7ffcd6231f9e0457c7681fc8dfed,11.0,18.0
153,u:iqrR,7c332db2f5d81f34ff8cfeaccfcc6d8a,4.0,5.0
154,u:hyyK,608ad881489ab4fa4117a91ebd83d502,4.0,6.0
155,u:h061,caaea1433a04b31cbb4fd926ca77ad02,2.0,3.0
156,u:fziW,dc1e5b7d01d76c0719ee823c6b9c5b1f,2.0,2.0
157,u:ikz5,598a41cd84310715e45b6192564592a1,4.0,4.0
158,u:iHWn,8f1dc808b41b08007d5e66978fd78a4d,2.0,3.0
159,u:hdYR,100164559946674138e97c1e3830ccf4,17.0,18.0
160,u:iJos,1bb8aab6f857201d04364f1239756111,2.0,3.0
161,u:iXAY,0b1edc026029c010555cfc22f54ee25f,3.0,3.0
162,u:hWbw,ab94aae2b451eece63b55c712145ad61,9.0,9.0
163,u:fpnv,b941c4ff55c8affcf4aebffd45c759c0,4.0,6.0
164,u:iE--,7dd6b30fc37ca73482a4d629bd93dac0,3.0,3.0
165,u:h2yA,17231b4c24a46d2f7eb59cbc7ea01afd,2.0,3.0
166,u:hReY,e7e47c0b4857fed35b942459f2028006,25.0,27.0
167,u:ihAU,55a185fa7ff711effa4b6d9dd2c44cf1,3.0,3.0
168,u:iPS9,c9aba1059fc7d85806a21bf21745b817,2.0,4.0
169,u:h_nR,0a7ad985b6b19b5cfb4723f207220a3d,6.0,6.0
170,u:iij4,ca886bc339ea78c58abea6250665ad49,1.0,3.0
171,u:ii5O,f0f2727a8c1b436349fa2f07bc698945,3.0,3.0
172,u:eY8y,6897ada43d02c03eac85f1742c156402,6.0,7.0
173,u:ja3S,c52914f9db4d342553bbdc248e2c6f87,4.0,4.0
174,u:h6em,f9d3186a3a829083942aa09a75d1aae6,2.0,2.0
175,u:hjbU,f423850a19d3a8b7f7c206c2a9dfa733,7.0,10.0
176,u:imwc,46cd21495035f225d4fe8fc8552badc0,2.0,2.0
177,u:iwoI,5aa51924d40dbbb404d78bcfd3224157,4.0,4.0
178,u:cwkz,ec2421cd46a8a5886683b084aa8e2c5d,7.0,7.0
179,u:hLcP,c52914f9db4d342553bbdc248e2c6f87,4.0,4.0
180,u:i4U9,07605081e461f8cc70d0e27a91d1ba37,3.0,3.0
181,u:iQGx,90ac0b7f2a604a00fb4666f2bd134c8e,4.0,4.0
182,u:htr5,97e922f780d628eac638bea7a02bf496,6.0,8.0
183,u:h5nI,f0f2727a8c1b436349fa2f07bc698945,3.0,3.0
184,u:fNWu,60131921811cc603c6020e44443a5a2e,1.0,2.0
185,u:iwoc,d5efc552aaea3109eb5388aa1ec8673d,2.0,2.0
186,u:gOf3,4379705a8d98bfe266ead99cfc4f52f8,4.0,4.0
187,u:bcXm,4f6d1c5e51311ed7f0967f8d758049e7,3.0,5.0
188,u:iZ-A,603b7cd0d4d54eee91008645adccd258,4.0,7.0
189,u:hR_7,3839b01a06ad91ec9815ec5ac3b18c8d,3.0,3.0
190,u:ios9,f58ba94f5b6a07312e449a9987637f32,3.0,4.0
191,u:h3Fx,a617ed646a251e339738ce62b84e61ce,3.0,3.0
192,u:jaaD,4c998c157e95ac0978968b1de762afbc,3.0,3.0
193,u:iVZD,a52bc2771bde31d4d5e80bd29f350714,2.0,2.0
194,u:i1Ks,0db9e3b501108f13924dfacff858f7f2,2.0,2.0
195,u:dn3u,ab94aae2b451eece63b55c712145ad61,4.0,4.0
196,u:i55Q,c3c416ec9a16d9ec6f7b96236c5b49e2,2.0,3.0
197,u:i2g2,547bb1812414cec172b0afef5ca93fce,5.0,5.0
198,u:dF6z,93bce7507d07faa46b1fbc9671ca32b6,5.0,7.0
199,u:dxwi,e296b8e7737593b36ec7583275c790fe,4.0,4.0
200,u:ipr5,d94aa893b5c536f2a4664637d9bec191,4.0,4.0
201,u:e4Dx,a631b8e67d1dbf4c94cc73644ddf2a56,6.0,6.0
202,u:gPY3,1db792cce1abf1095ae81b27666cb996,13.0,15.0
203,u:TRj,8c8952fbf398f996438f9fd5a27f9d38,32.0,37.0
204,u:ixkU,af9481e863fdda9560e1d5020b9cd9a0,2.0,2.0
205,u:gQjj,91bd999e79fc6416be92695d01ed1c13,3.0,3.0
206,u:iE--,c3c416ec9a16d9ec6f7b96236c5b49e2,6.0,6.0
207,u:djyz,8ebdad2c57855e0e650745d06d9ed7bf,5.0,5.0
208,u:gHva,f04ae4d92d378e4436b0667d771e28ea,5.0,5.0
209,u:jaV_,d3619a3e50c3b522703d66166855d3bf,3.0,4.0
210,u:hPai,08b5bfeef548a7f46065768ba926e325,1.0,4.0
211,u:g5z,69cf4ad372fd80e76dc9deb52b092d3f,7.0,7.0
212,u:iv2v,fe72c841a54b9112e60870182236e00e,2.0,2.0
213,u:gD3g,4e2d55b6054492c18e7c6090bf577d6d,6.0,6.0
214,u:bJxm,943ed849b37dd6f8a773ef29456e4211,3.0,5.0
215,u:bBVC,4578d28172004742ef5c674639f58588,6.0,6.0
216,u:r1m,c9fb923e49d5cba24b5afb9ee1cff2a9,3.0,4.0
217,u:BLI,955c040cc84408f9e687f99d4778b03b,10.0,17.0
218,u:if3l,142ad0f32d08728de0f9955df5b83f32,3.0,3.0
219,u:iw_D,54ed4cf41cbbae2ce97ddda174b5be84,4.0,6.0
220,u:h0bJ,bc132fa899e138377a3d89eb3125a2f1,9.0,9.0
221,u:e4aA,297853cd5696e6152fccd24fefdd6c66,4.0,4.0
222,u:en9-,7070ddd564fccd8da0362941b8a647b8,1.0,3.0
223,u:iL5t,f3996a785b8d9fe04c44850c79a0a337,2.0,2.0
224,u:irAa,7a4e0c5345547c6e790a33b66ed3b820,1.0,2.0
225,u:iIKc,65675f993b9cdc38918837f561a70625,3.0,3.0
226,u:iaUm,7f79fc712e91f1e703bb5f805ab74e8a,2.0,2.0
227,u:hXd8,dd56956e9585f9534d2fe8fe2a7e3ebf,5.0,5.0
228,u:eAtE,c43c45c53082813dbdfa63971432f29c,2.0,4.0
229,u:in7L,d2d78ae80ee5cb844a0bfd9ea1bb4a81,4.0,5.0
230,u:h4HZ,f21d1bce33d8064e4aaabd6b28f5c1fa,2.0,2.0
231,u:cZG6,827a8ecb89f9b59ac5c29b620a5d3ed6,16.0,22.0
232,u:h2J4,087d9d0736df444d7ef826a313b613da,3.0,3.0
233,u:ik0d,0d7ce5a7bec9bfe876a8042abe8a2f7d,4.0,4.0
234,u:iR7G,6debf33c91876b19aa26095423ad0e3e,3.0,3.0
235,u:Poi,bd3599b1b4cc5623de51eba09bad546e,5.0,5.0
236,u:i2q1,928787744a962cd4ec55c1b22cedc913,3.0,3.0
237,u:ilpQ,6aff2ce97fb9554500fc1a7a28e02a13,3.0,3.0
238,u:iF4i,605a1c36da2cf22706eaad95b0b7eeee,9.0,10.0
239,u:hMyD,d50ab9ef5ef30559a83e80b8568d2933,9.0,9.0
240,u:hNk0,50629ad6c891b5b3f258b2fdb0e3cf82,3.0,3.0
241,u:is2V,b838f789252678299b0413df4b3d0ad9,2.0,2.0
242,u:gllL,1e1f8d730c4ba99ad2873a7608324cf6,24.0,25.0
243,u:EPf,7ae9420152203b89a2fcffa91546647b,6.0,6.0
244,u:hqHw,420b35b7670f247d452ae0a628e60b45,3.0,3.0
245,u:flTW,8bd6d060bb604e17c936418f835d87c8,24.0,24.0
246,u:iAV4,62a992ac2a5f346b5796b3f14732130e,4.0,4.0
247,u:iLGp,b1a71481e27138dc37501f2cbde775fc,8.0,8.0
248,u:iMhB,e35dd18fb95a8b59046eec582942fa64,2.0,2.0
249,u:hMmC,af88719c719b5cd59fe4272f9ab38966,3.0,3.0
250,u:h8df,fe794f0c148aaa470c272ffd0a9bdc1a,4.0,4.0
251,u:ifyN,577853bea646e596a8bd041fb781718a,7.0,7.0
252,u:je5T,b1b2b2203009f082a1cf172e42fa65a3,1.0,2.0
253,u:iTtL,d0705eafec00822b93bf9cc9a9189bba,3.0,3.0
254,u:bsHa,7dfd7086f3671685e2cf1c1da72796d7,3.0,3.0
255,u:hoLl,1ef8584238711d338df3a962b045cec7,3.0,3.0
256,u:gws,b35477755771250571cbda7c38221628,2.0,6.0
257,u:fUR6,dbed1e3aaf8703ccdf83c1afd2abdd37,2.0,2.0
258,u:gxXY,dfc953d62306359e46f8fe77fe4fa6c8,8.0,9.0
259,u:h1_w,6cce0be3f8da3755e423bfcae7cfefc1,3.0,5.0
260,u:bXkA,a58c618617e9d8a574e44ea5f24f738d,4.0,5.0
261,u:gq0f,9de5d8b1e1c934f0eb4a43e22c916143,4.0,4.0
262,u:hpVZ,192059cfe22cedd84cd400a9b1b47171,5.0,5.0
263,u:fPvN,b011cfb5fe75c6c239cac9a4d9c3949f,3.0,3.0
264,u:dfsa,2179fd8c281cec0879b28ef81510bf9d,47.0,51.0
265,u:iO-t,0cbf09b9f0d3767395f1b68918b95c65,5.0,7.0
266,u:ipYp,2b28e6b398b36d4f7f6ef0b7da31fd5c,4.0,4.0
267,u:hYzr,bde4e8d34615f749c75fefdbd0226881,2.0,2.0
268,u:jdKK,ddab585bb4af1b7e2636827363cd619e,4.0,4.0
269,u:inuJ,c032182c0ffb744c963ec83c937a26f4,3.0,3.0
270,u:iwEa,d0e80d740c4f2d0653951e65952c19d1,2.0,2.0
271,u:hlEw,efc6cd9e60a5a997c906ecad64813b1d,5.0,5.0
272,u:hutF,5b5e596558196de3e4fc1796ee5d47a6,2.0,3.0
273,u:M5X,5fbb4578c6e08d3122b2321720d682d7,10.0,12.0
274,u:d4OR,4adf5cd40d521b02a9cc241bf3adc6bb,51.0,52.0
275,u:g9YP,a11a7c418b1f2afd941e7d00ec52a461,2.0,2.0
276,u:imgr,cf27a39ca3fcc861581ba158307d9b1a,3.0,4.0
277,u:d26t,678bfa5d0ccd050c12395a792abaff12,3.0,3.0
278,u:ikja,a6d1be753de87a9ad446c29d4dc217b5,4.0,4.0
279,u:gHCc,577853bea646e596a8bd041fb781718a,3.0,3.0
280,u:iGfD,ef40e640cc9599341392b66d6b890c27,3.0,3.0
281,u:ie4s,8e2f03617a85d97f126dfb2293e7a368,4.0,4.0
282,u:hBWF,eee8ec127c1ba6f4751097e40977b587,7.0,10.0
283,u:gX82,97e922f780d628eac638bea7a02bf496,7.0,8.0
284,u:iTdT,a52bc2771bde31d4d5e80bd29f350714,2.0,3.0
285,u:do2K,9dbabaec86b4bd526c19d768ec0caf38,4.0,4.0
286,u:h8iN,7763a12338d58f83841580561e4c1ca2,3.0,3.0
287,u:f_h6,b573a2ebb834b1346202143003738756,7.0,8.0
288,u:gTol,4310561cd354b6cad1569d35856823f0,2.0,2.0
289,u:hZ6a,b85dad780881cd3228297b78258a96bf,3.0,3.0
290,u:hqQQ,476c6bf35d806e777f36041baf01df38,3.0,3.0
291,u:eEgg,958e352cb64f78feed5afb5b95657dbe,29.0,33.0
292,u:bW2J,9cbe4ff448a888bb327e212e6bb89b72,15.0,15.0
293,u:e27y,f3dab7cfcca078d46049e95802ea97fe,2.0,2.0
294,u:hIYf,7f15cb95be8b837c7bf1808406ae133a,3.0,3.0
295,u:iV5c,1a48463fb06455fe377001d22ca36364,4.0,5.0
296,u:hN9-,86584daef5933b284384453795bbf0ed,21.0,23.0
297,u:hR6G,fea199274abbc1c7354996f16f1525d5,5.0,5.0
298,u:fqZT,f857a8c1b24263f0b007ae82c24c008d,20.0,21.0
299,u:ibU0,a6d0c2d14b1f6261741d7840542f7022,6.0,6.0
300,u:U6,44208615c9076b387d27b5d510bb0a49,4.0,6.0
301,u:gZZ_,426041c35bef83b731e0fc51b8a551d1,10.0,14.0
302,u:gVb1,48caa96ec840ecefdc2eaa911c58dbf2,6.0,7.0
303,u:icWk,e1a4b73ededc4032627e418a3bb86cd0,3.0,3.0
304,u:cen-,3b6ad8feb25703b12d6049d11640d0e0,20.0,24.0
305,u:hJ1Z,35f14d06d95a34607d6abb0e52fc6d2b,35.0,36.0
306,u:gi1l,0466f54d69e71d498a406cfd76dd2902,7.0,8.0
307,u:eZrm,8511209b77493e62188ed5a4c8bf8421,4.0,4.0
308,u:iYpP,e5a09ea1bd469575ed000382d5cee176,4.0,4.0
309,u:fAOt,08ab17a23929f09a268153ddbf9827c0,17.0,18.0
310,u:fB_6,fea199274abbc1c7354996f16f1525d5,6.0,6.0
311,u:hPO9,1a913f2ded424985b9c02d0436008511,9.0,9.0
312,u:h9rr,a9d9e40ec966f6bf6a78080d8d1947ac,4.0,4.0
313,u:Vil,e9c1c486bb1cc26e726b83a7a522983b,2.0,2.0
314,u:is4p,3c83f19c090c27193c34f5d06a899c4a,2.0,2.0
315,u:enRY,e37ea218d78b3decc66348683deed8f6,5.0,7.0
316,u:iZUL,3ac396fd4e13c7952bafa99fcfd02d29,2.0,2.0
317,u:gYT8,5c2c879342c029c7be610695abb15bd5,5.0,6.0
318,u:bZvV,f00cd5d54171096208a6a1e13ab02ab9,12.0,12.0
319,u:dijU,0ba76e542975db89c0290ba705f4fe9d,1.0,3.0
320,u:izg8,a96439c6627d7b2447435b1a5f32eade,5.0,6.0
321,u:g-8o,c5a5d664ac5b4440b3da8613095dd840,6.0,6.0
322,u:iZvN,26f6b357718b150404303812a222e348,1.0,2.0
323,u:gdP8,d05af64f9110a30ebb4eb77afc07649d,2.0,3.0
324,u:iXj6,460df3319771193f63a3f4bb5a5eeef6,3.0,3.0
325,u:i_ah,f68f2010558742b836f8a364a4382d3f,3.0,3.0
326,u:ihAF,cff2d760888774c8011ed92d80ae3312,2.0,3.0
327,u:2R-,00b9a8a85efcc967dedf57d9ac0082fa,2.0,3.0
328,u:bWwF,a456b06f9066277fb26d5babfc845cd5,5.0,5.0
329,u:h0Lx,17bbece268a95c1fbf901788c16f43bf,4.0,5.0
330,u:iGbU,6c95fbf9992315caf14ca36de8fc06d1,2.0,2.0
331,u:iyWG,524fef1786d366bf49813def1458a181,4.0,4.0
332,u:hniu,e0aa39569dc04dde716999653ed53a0e,10.0,10.0
333,u:gCQF,6d67c94cb5df94bae1d8f5f101db72a7,4.0,4.0
334,u:ht-T,f5bc4621130722269115f852924eb136,4.0,4.0
335,u:iiUo,70273bd4e2ae4fe0a1807d462acf8edc,12.0,12.0
336,u:f8vx,00e6945d22634ee47e05c727a4d4c183,4.0,4.0
337,u:gRBk,01669d9689c5cf2ec04c58a893f02ab6,9.0,10.0
338,u:h5ge,06f82513d22cdcf817378f4da4990438,5.0,7.0
339,u:dmi5,4aed34810465d9b4bd3d3d21244d7e4b,3.0,4.0
340,u:iubm,8f1dc808b41b08007d5e66978fd78a4d,7.0,7.0
341,u:ichc,d69a73469d92e724199aa03407b4d656,5.0,5.0
342,u:ilU2,8dce1427e92b20185ec503c7b93f24ff,4.0,4.0
343,u:iNue,fcf4569c3882c32dc5f9c17114cc1841,4.0,4.0
344,u:f5LD,025ab8349ba0caa729c4f12cb47fc3be,7.0,10.0
345,u:hr2Y,0f0690975c20591df0c5f7f9fdfed6d9,2.0,2.0
346,u:iLpp,f8ff4fc9fac1637c7e8abecc0d2464db,3.0,3.0
347,u:hQRb,c1caf9c9173659451013b230299ae7b3,2.0,3.0
348,u:gCnq,d241cf80b2938ee47c4bc4ebfc77930d,4.0,4.0
349,u:dlC1,86ab0bbefc02a331649c9c23f572f729,6.0,6.0
350,u:iwYT,84e18e86c58e8e61d687dfa06b3aaa36,13.0,14.0
351,u:i4o6,caaea1433a04b31cbb4fd926ca77ad02,3.0,4.0
352,u:gQnk,61f0219c249a2552b2f476d0f72deb72,3.0,3.0
353,u:hXXA,abd192827bd31c65511f1b1511c7f40a,2.0,4.0
354,u:iH6V,f21a429c717dd93b9f5723f20d87ab8a,3.0,3.0
355,u:fyEd,d70617063e4c822f77fb79ed7d355b33,9.0,10.0
356,u:i_mP,827a8ecb89f9b59ac5c29b620a5d3ed6,4.0,4.0
357,u:hyaI,2ccf96c640650a5b0d7f07028cb4d871,3.0,3.0
358,u:d9lv,17632879145d3e2737d11a3a5053dd50,2.0,2.0
359,u:h3A3,80765ae2a08ba6812a4ab9df607b97d2,8.0,10.0
360,u:hxnt,0d9244f805fd55af1281a1bcb1a2cba6,6.0,7.0
361,u:iYa6,5594b03119f7beb09faeab02bda34d19,5.0,5.0
362,u:bmiE,631d297c324518ea97ac01fd2abd6e46,85.0,96.0
363,u:hguV,7954dec7e1db52c3f3ff744944b673a5,2.0,2.0
364,u:ifsb,608ad881489ab4fa4117a91ebd83d502,7.0,7.0
365,u:iUQ,40bcc6d93c5f80a3cb4312461d7f2914,4.0,4.0
366,u:iNCe,ef1f94c0e977e97bd02772867e9110f1,4.0,4.0
367,u:iGek,b968b069e4e2c04848e9f8924e34c031,6.0,6.0
368,u:gzvp,fcc4527ba312832af9311118cfc7fa1e,7.0,7.0
369,u:iFWU,c3997eb2b150d2365a51e47d1c79fc21,2.0,2.0
370,u:h4T2,59c0b5acd6bc34ced372852c86fff52b,2.0,2.0
371,u:iUaV,75e3e0a3b4ec564501a936c4514bccbc,2.0,2.0
372,u:fIn-,930ddde2032f793642573f03dc198c9c,8.0,8.0
373,u:hlvV,375662ec82debfdebd8215b147848cc7,13.0,14.0
374,u:gJYF,ebc831d3a05751d0fbbd3495158aa038,1.0,1.0
375,u:iQzP,6d6841b5a0ea88d87c2a7b6eee95ab48,2.0,2.0
376,u:ibLZ,ea33cb20c4bf46c0913a66e0738b2eda,6.0,6.0
377,u:dn8A,04d4159accf9effa41f46a5d98d8b281,4.0,5.0
378,u:f-Jf,cdfecc9247566d40bb964a218c54c783,6.0,7.0
379,u:h66z,ce578fc45489d1d4f843ebeff64341ec,4.0,4.0
380,u:wTO,c9638fde26d91f010fed41a5438a0dca,12.0,14.0
381,u:hJXI,d3619a3e50c3b522703d66166855d3bf,5.0,5.0
382,u:iROt,c7f714b305e9a17ce7596cfc62b810c5,2.0,2.0
383,u:gfBV,f423850a19d3a8b7f7c206c2a9dfa733,7.0,7.0
384,u:iITj,5594b03119f7beb09faeab02bda34d19,2.0,2.0
385,u:eTja,2099dab843c707202dd04b1eb3348126,6.0,6.0
386,u:dlzC,f3c7297e32f4bf16d315ea5982e950c2,10.0,10.0
387,u:f9ri,b788f6341ae71b9e2b8132609644b175,3.0,3.0
388,u:iSiZ,c5a5d664ac5b4440b3da8613095dd840,3.0,3.0
389,u:iLM7,ac27565a93112c1330ca25bf8a0255aa,3.0,4.0
390,u:g8RW,8175fa18fce6929c8d75c1bd7cdd6437,3.0,3.0
391,u:h2_R,a380b9d0fea5e847ca9435940feb6f21,2.0,3.0
392,u:iJYb,151bdacf1c5d3f8f5b9e60b6eca8e4db,2.0,3.0
393,u:gZZJ,efc2c65bd3a2ab7e0e2d4db65e290699,9.0,11.0
394,u:iHED,b573a2ebb834b1346202143003738756,3.0,3.0
395,u:u7r,b8b55f8044c9109cc9c06da459568e7c,4.0,6.0
396,u:i8aq,46b112cd07fdcc98db8670a5d71c613d,3.0,3.0
397,u:fJgN,d7fb40fb9498b0a901f185457def18fe,3.0,3.0
398,u:hxQ2,f0dfe0a3acd6a6a42701c33e93ba29d9,11.0,12.0
399,u:iwFx,e03faef7df59e95e2d78e7baf3095ac4,4.0,4.0
400,u:jhr,0d2e5b33c5e57761872abf97ec9398e3,8.0,10.0
401,u:ffIX,a7476505f6fb5051fe12ef6630255d16,4.0,4.0
402,u:hdrp,dc1e5b7d01d76c0719ee823c6b9c5b1f,13.0,17.0
403,u:iPZn,842bf8157c0a8dad3262d43a13c8f089,3.0,3.0
404,u:iuXi,1a913f2ded424985b9c02d0436008511,3.0,3.0
405,u:hIL5,8cfd5ce084c04df391813f2f983b1b01,4.0,4.0
406,u:hhYh,1c57d56adf7785f7d386c522d8f25270,4.0,4.0
407,u:gsXQ,6fa3ec8c768011845413d4bc819d5d18,6.0,7.0
408,u:iGjy,698a096a49f8a164caa5dcbfad271fd8,5.0,5.0
409,u:g9Ei,cee314fa43551daf3690bb5cdda0bf23,8.0,10.0
410,u:ioCx,5657475bcd6493a5b51d4e54330261d1,3.0,3.0
411,u:iHil,764e3dc3b4ba7256526f0b66c33d778d,2.0,3.0
412,u:gSXW,b011cfb5fe75c6c239cac9a4d9c3949f,2.0,3.0
413,u:iP0T,3d69e78dafc9bb33f926626a63c580bb,2.0,2.0
414,u:fswS,ddd3e6bfdbd6f6b0affc34b882c93e06,2.0,2.0
415,u:henu,8c8952fbf398f996438f9fd5a27f9d38,3.0,3.0
416,u:hStr,a58c618617e9d8a574e44ea5f24f738d,5.0,5.0
417,u:swS,a52bc2771bde31d4d5e80bd29f350714,3.0,3.0
418,u:gtAN,7f2e344b7927040a85b8d0e7c009599b,2.0,3.0
419,u:f6NS,b22eb87b4356af2bed8c495d149921d1,2.0,2.0
420,u:fVRZ,b8b55f8044c9109cc9c06da459568e7c,6.0,7.0
421,u:i45j,ef1f94c0e977e97bd02772867e9110f1,3.0,3.0
422,u:du-x,f42865f53c4d50746ed9bb08fe1fdfd8,18.0,20.0
423,u:idWf,94ce583e381ddf3a295d51b9578fdfe5,3.0,3.0
424,u:iIwG,efc2c65bd3a2ab7e0e2d4db65e290699,3.0,3.0
425,u:i-I2,e792a1f3fae0d9cd3aed1456b9aba01d,2.0,2.0
426,u:hILv,e03faef7df59e95e2d78e7baf3095ac4,7.0,7.0
427,u:h8El,1bae0c85b056423560ddb9623f23773f,8.0,9.0
428,u:i4XN,86584daef5933b284384453795bbf0ed,4.0,4.0
429,u:fNxB,d2c150963a4dce17cf950c928d35ad9f,2.0,2.0
430,u:iBMZ,cee314fa43551daf3690bb5cdda0bf23,2.0,2.0
431,u:iZEY,f644e2ba492883cb5808c939c51c909a,7.0,7.0
432,u:R0r,5c95651f98dcb44a3bcddb5e8c276aac,3.0,3.0
433,u:fGYv,1bacf218eaaf9f944e525f7be9b31899,18.0,20.0
434,u:g5MC,065dcc8f1aea8654122bef6e29c890f5,4.0,4.0
435,u:hISM,4556e51486a9c3283d4863a13b326f48,4.0,4.0
436,u:hUyl,c00649d7a795a4ad88d646ecab3cc07d,16.0,17.0
437,u:iyEn,f254244207240db11107ffbe433d1e0e,3.0,3.0
438,u:jf9f,08dfcd4e6c86bb047be6dc84e77ed664,3.0,4.0
439,u:iWbK,c89921e78c6fb1e5017bc66f3cec0aee,2.0,3.0
440,u:hX3f,9c721e2b1d7684f800fd88c1e96aef8c,3.0,4.0
441,u:i1x_,c7f714b305e9a17ce7596cfc62b810c5,4.0,4.0
442,u:i8iE,f00cd5d54171096208a6a1e13ab02ab9,3.0,3.0
443,u:gtPk,928787744a962cd4ec55c1b22cedc913,8.0,10.0
444,u:fRNs,97410fd61b0182d806c67b43f7fad1ed,2.0,3.0
445,u:iogd,afbd69e17e52e35da5626c49ae3ca3ec,6.0,6.0
446,u:hDJf,f0018f1d6164d3c67265ca716588f7cb,3.0,3.0
447,u:cdHq,8eec7a2d53c083e7657ad6d2083e0ad8,4.0,5.0
448,u:bEBO,8e6df998cc5c26b86482a3040a5805e2,40.0,44.0
449,u:hDp4,65e39bd07057893f74d8db10b367f7aa,4.0,4.0
450,u:ivCB,7872afde4b6afddaad589ab644dd8d48,2.0,4.0
451,u:eSrD,e49d619c03e1983dd66630a73ece38ea,3.0,3.0
452,u:fHAV,179dc23eaea411d9839e3ec0ff7dfc15,4.0,4.0
453,u:hhbA,a296a278d774a2987ef34a4a463cbce5,7.0,8.0
454,u:iWNh,f3c7297e32f4bf16d315ea5982e950c2,3.0,3.0
455,u:ihrD,b8b55f8044c9109cc9c06da459568e7c,4.0,4.0
456,u:h0Uj,16f2acaffe30cb9a81f422674d398df4,2.0,3.0
457,u:hl8S,a631b8e67d1dbf4c94cc73644ddf2a56,11.0,11.0
458,u:haFo,65f61449087b9dbb2083da5a93210fd0,2.0,3.0
459,u:bm7i,0d7ce5a7bec9bfe876a8042abe8a2f7d,4.0,4.0
460,u:iWtl,2d0937077480a627a3973de2a1e4015a,2.0,2.0
461,u:dyWu,03a546003e03b545a6d419b6620b3749,593.0,655.0
462,u:ihj5,a81f7af9f3fc80526fd782001aa3614e,3.0,3.0
463,u:igvs,9905be99f2175243f6d835f9160ac9fb,2.0,2.0
464,u:jgDY,767fce885fae7a70ef9eab520d78f1bb,3.0,3.0
465,u:iHDh,14781b6bcfcfcaaf954edc771d25d8a4,2.0,2.0
466,u:gILw,582d6a3cf7b7d7d02eeadf9f382bb202,4.0,4.0
467,u:cVHO,5962a9679dc43d7036ae241fd9f56692,2.0,2.0
468,u:iTz5,84920990d78044db53c1b012f5bf9ab5,2.0,3.0
469,u:iqxt,ba0a3f9e43bfc46291ffe54c4ff1aa99,4.0,6.0
470,u:g_Jj,b43239f837356c525ca7d743d83fbf57,25.0,28.0
471,u:g01a,e7aeec5cc2404402bcded5cfc39e5ed2,2.0,2.0
472,u:h2WB,d4bd7c594a6591061547ec939ffa18d1,2.0,3.0
473,u:cS-T,0d9244f805fd55af1281a1bcb1a2cba6,18.0,20.0
474,u:hAOp,de64b0a3bb8cb9360e85a1a87d8c3c44,3.0,5.0
475,u:h3Sm,697673b545e387c2b01b113d062bc825,4.0,4.0
476,u:cM60,c40c892d01fbeed815dd898094254d2f,2.0,2.0
477,u:idr4,2bf969e8c0ed26432ed5fe08e4eafaad,4.0,4.0
478,u:gJsY,41db134d8af1c0610b0d926d8a53d01a,9.0,9.0
479,u:ijKj,603b7cd0d4d54eee91008645adccd258,2.0,2.0
480,u:hL-m,f644e2ba492883cb5808c939c51c909a,4.0,4.0
481,u:z73,b23179d4d2325444422b2bfc7f0c1775,3.0,3.0
482,u:hlGi,b2d23288ff0972123a68769dd30727eb,7.0,8.0
483,u:gt-c,97e922f780d628eac638bea7a02bf496,22.0,22.0
484,u:iZEr,6db9fb52d6b1c4c5be630498cdfcdc9b,2.0,2.0
485,u:fE7P,2d7715db3b4a525d703dee6e80e38c6a,4.0,4.0
486,u:ihnO,df4c239e57075ba1fe396e239c068811,7.0,7.0
487,u:Zbn,f3996a785b8d9fe04c44850c79a0a337,30.0,33.0
488,u:h1rY,80765ae2a08ba6812a4ab9df607b97d2,3.0,3.0
489,u:h6Nf,d2fd07337d16c1241feef18f2dbc3b07,6.0,6.0
490,u:8Ml,688bd653bbaa40e9a5a66b2b1aa5f7a4,2.0,2.0
491,u:i5gi,92545dc760008a4cdb29e841e6121952,3.0,3.0
492,u:iLC3,06874871aa89e0d5e6175cfd2c1a35c1,5.0,6.0
493,u:iNPS,1bc30b0015e62fd4b43a3fb59ad0a8ed,3.0,3.0
494,u:goVA,e734350b47fef261a55688a332f94859,4.0,4.0
495,u:drdU,ff340c09240b4617358d4dcb2cb46439,7.0,9.0
496,u:hHvg,e16c578226476ae646530b6356f9b0ad,9.0,10.0
497,u:fPTn,c5d8e931daa3b10d479f41fba0c57404,5.0,6.0
498,u:i7YH,bf608564b6e7c672a96cd7d1bb1d5f3f,3.0,3.0
499,u:gApi,733404922a439bcf40584b61a027a3f9,4.0,4.0
500,u:hr8a,fbf41b4660c01cda0b83542e6c7a3754,3.0,4.0
501,u:f4T-,08dfcd4e6c86bb047be6dc84e77ed664,20.0,21.0
502,u:iKSN,495f763ef6027e020c53431484aa5ede,3.0,3.0
503,u:iOrV,b974624f112084b39586380fe4aaf32a,6.0,6.0
504,u:ipYZ,60131921811cc603c6020e44443a5a2e,2.0,2.0
505,u:iGtf,dadb5aa7b2d284331cf888f00898224f,6.0,8.0
506,u:dEh3,5de541943c119590cd3b725f0882afeb,9.0,9.0
507,u:iyLc,b47c74e1c1cb30670320a9a09419bb61,4.0,4.0
508,u:fT-X,b1c947d2fa7094ad0565a325263ca4ae,4.0,5.0
509,u:ja0X,7d5c9c888f97a47883c8c0065efd1cde,3.0,3.0
510,u:hsP1,808d0c8ede6981e3d9a7a87153601e38,22.0,25.0
511,u:ikoW,a617ed646a251e339738ce62b84e61ce,2.0,2.0
512,u:fL9k,7a4e0c5345547c6e790a33b66ed3b820,2.0,2.0
513,u:dggy,87c450efea56f8f35f5ca4e48906a192,3.0,3.0
514,u:g40k,f371d52889e421e1444ae508be8e62ee,4.0,4.0
515,u:iaV9,d5efc552aaea3109eb5388aa1ec8673d,4.0,7.0
516,u:ib-B,aa94db3b587c7027e8505c25f6fc8ed9,18.0,19.0
517,u:h57x,dda9b889972c02fa83c00ee3bcd97f1d,4.0,4.0
518,u:ifox,f60ee6b7d89986645bdeb985d1f956cb,2.0,2.0
519,u:605,2c463db3713709064ef9df5e42f57c21,2.0,2.0
520,u:gQne,667fdc6bb6275508cd6eab426dfc4396,3.0,5.0
521,u:i21h,0d9244f805fd55af1281a1bcb1a2cba6,5.0,5.0
522,u:gESv,0dcc4c7c9c79430b1bde693c90c8a6b6,4.0,4.0
523,u:c9AB,4f84917ec8452ad34cf76c7bc101652d,5.0,6.0
524,u:gu4F,3d648b8db8bb6b1bc16c317f592a3ca5,5.0,5.0
525,u:iOJ7,4cf7cc58a60045f4396136f6368d8d41,8.0,8.0
526,u:hdqx,5789310b7fe0e0960b33a8d1f9e32d42,6.0,7.0
527,u:gdTN,e734350b47fef261a55688a332f94859,4.0,4.0
528,u:hAaW,edf5a0ef6c836c4df4f3b3de76ca63ba,4.0,5.0
529,u:g30N,70e79ed0b304a22a9b51cc3f26c36d73,15.0,17.0
530,u:gm9o,88bab26fb9946999418b19b66fec2a27,1.0,2.0
531,u:gJ_4,1a48d99e9b9ca07c8fbc7a16e4285aef,4.0,4.0
532,u:ip05,678bfa5d0ccd050c12395a792abaff12,3.0,3.0
533,u:gC3o,d08cf940a72a6e1df3a6ae6bbd9f100f,8.0,9.0
534,u:gG1H,fda174b61b0ed5e2eaa6deceae37f56b,6.0,7.0
535,u:gXZK,8768541c43aa0200e5631c60f8d8a435,1.0,2.0
536,u:i9Za,4fdaa498ad844fc4c7adf7ddac542751,4.0,4.0
537,u:g2MT,ef1f94c0e977e97bd02772867e9110f1,9.0,9.0
538,u:h3Mq,0466f54d69e71d498a406cfd76dd2902,4.0,6.0
539,u:gkKe,444d9b791951de06bd1b5662ac8aa643,2.0,3.0
540,u:i1WQ,1494e77424cccd4252c3865e5d635be7,2.0,3.0
541,u:gU7e,55662831392f8c4c6b5d72edb03a5697,2.0,2.0
542,u:fSeb,4223f27366fc70333225b9e2ec3d2a4c,6.0,7.0
543,u:d8Bv,b506511c51aa39e5e4590e7a150e1f55,5.0,5.0
544,u:g3KV,3629ee563c2d56a4869e100a38014108,4.0,5.0
545,u:i6bU,8eab218aee7c0dac90f093c855af968a,1.0,2.0
546,u:dmPq,059792ecc7e7fd5631eb704da89edc61,4.0,4.0
547,u:eJFF,142ad0f32d08728de0f9955df5b83f32,11.0,14.0
548,u:fSGx,967bfdb9d5180c33cfb21dca82034e85,3.0,3.0
549,u:ixDv,c2931f12f84e49c84d224cbbdc8a504b,3.0,3.0
550,u:hFxy,6eee7de1f58d4033e937386469f1a5ab,2.0,2.0
551,u:iGfP,bf608564b6e7c672a96cd7d1bb1d5f3f,3.0,3.0
552,u:MGA,f0dfe0a3acd6a6a42701c33e93ba29d9,4.0,4.0
553,u:f-Z-,d2526181b8925e173581ed17ec2974c6,3.0,3.0
554,u:fLEg,0ed4e535d399f10f462b2f1e51b97d3f,8.0,8.0
555,u:hSch,0c12f245654c58b47faf41e7c2f5963b,3.0,3.0
556,u:hsU2,08dfcd4e6c86bb047be6dc84e77ed664,5.0,5.0
557,u:iMOV,c2931f12f84e49c84d224cbbdc8a504b,3.0,3.0
558,u:dtH_,0a7ad985b6b19b5cfb4723f207220a3d,14.0,16.0
559,u:hQz0,037515befd981ed34099c6677b2831eb,3.0,3.0
560,u:e4kb,c7cdabd85f63506807f8d856897a2089,16.0,17.0
561,u:h0Vq,4452601308c9aeb4f25f01fb6710ed16,4.0,4.0
562,u:cRcY,165dc4d4b42c9d825cb913541fdd09a7,4.0,4.0
563,u:gPQI,32366c8041c7f8da8cb1739b6d738ea2,3.0,3.0
564,u:ijb1,b838f789252678299b0413df4b3d0ad9,2.0,2.0
565,u:iep5,a631b8e67d1dbf4c94cc73644ddf2a56,2.0,2.0
566,u:BTM,158491ff8c9c7e3c8d36b78533c08e32,11.0,13.0
567,u:gxhe,65e39bd07057893f74d8db10b367f7aa,5.0,6.0
568,u:i2js,3d65e220a74477fe08facff1a0d9a303,3.0,3.0
569,u:iD2-,f804038329c1d0fe7a0a42c5f38b2081,2.0,2.0
570,u:iZiu,cb9b44daeb2fd896731bcdef127db8c3,3.0,3.0
571,u:is0k,40bcbd8339eeae2ed5ee89caf5c517c5,4.0,4.0
572,u:hUNI,d5ee6d52760e6e96070c5464cbf45a32,3.0,3.0
573,u:iqno,acdfa756d73b89b55e36ef3203f6d2f9,2.0,2.0
574,u:jaFy,e296b8e7737593b36ec7583275c790fe,3.0,3.0
575,u:iXJa,1bae0c85b056423560ddb9623f23773f,4.0,4.0
576,u:hoeF,1bacf218eaaf9f944e525f7be9b31899,2.0,4.0
577,u:i1oZ,930ddde2032f793642573f03dc198c9c,5.0,5.0
578,u:e_jg,3d69e78dafc9bb33f926626a63c580bb,4.0,7.0
579,u:i5D1,0a7ad985b6b19b5cfb4723f207220a3d,3.0,3.0
580,u:gvwx,c032182c0ffb744c963ec83c937a26f4,2.0,5.0
581,u:iUng,f6554eb5c95f946d92b2bea7357e2980,4.0,4.0
582,u:hH59,306560d6f47275980bdfc69f8f338552,19.0,20.0
583,u:h4wK,74b2ac77cf1b5c548dee1241dd3667b9,13.0,15.0
584,u:ieD9,0a52088d18aec8e72c64d9b94f778443,3.0,3.0
585,u:gF9u,d08cf940a72a6e1df3a6ae6bbd9f100f,6.0,7.0
586,u:fVt3,a296a278d774a2987ef34a4a463cbce5,12.0,12.0
587,u:ihEV,51fb73a04c05d6b9cc036aafd897a0ec,7.0,9.0
588,u:i1-1,35a54c25a2cda8127343f6a82e6f6b7d,2.0,2.0
589,u:jcVo,1bacf218eaaf9f944e525f7be9b31899,4.0,4.0
590,u:g2R-,407daf9da97cfb4740b459d4bb1cead2,4.0,5.0
591,u:cLRN,d42adb3343d855fa2a1e94295a90c6dd,2.0,2.0
592,u:fft-,2199c2e34a246811ededdd765f1933ce,6.0,6.0
593,u:iO8p,33a7fd42f74b2d2b1110f1b0c8b6db38,3.0,3.0
594,u:inp9,31fb31a4af2ad58c03d9b62222734768,10.0,10.0
595,u:heBL,dcbb39da34ccc1a64950c405769376b6,2.0,2.0
596,u:ilrY,099dfb07f4ace185b82838c1fb5781ff,2.0,3.0
597,u:hQGZ,b1d3871dba0a2308fe90d9ca2d20de4c,3.0,3.0
598,u:idRl,c7cdabd85f63506807f8d856897a2089,11.0,11.0
599,u:gS33,ccacc503fbab964215a09975ded9052f,10.0,10.0
600,u:gfhl,35f14d06d95a34607d6abb0e52fc6d2b,11.0,11.0
601,u:hKQ_,ba88540d7ce79d5bf8353405fd321f0a,11.0,11.0
602,u:fukY,f3996a785b8d9fe04c44850c79a0a337,29.0,34.0
603,u:iFBf,de9ac0fd40e72b12722faf6c89faef22,2.0,2.0
604,u:iFPk,375662ec82debfdebd8215b147848cc7,4.0,5.0
605,u:iU9M,81fe07635e2aa79cd36709cf1bdd81be,3.0,3.0
606,u:iPWK,5e56b2dcc7cdc8f6cd58854622b45643,4.0,4.0
607,u:fPay,0f74821da4122d27786204db337aa795,5.0,6.0
608,u:bN6B,710b68d3c21cf9ac44218b554a5360dd,4.0,4.0
609,u:iz1r,cd6d617c7071b0bb4b0863ab14ff6d80,3.0,3.0
610,u:iZtf,c52ab45d4e22ee7580041911159e3c0c,5.0,5.0
611,u:cle9,827a8ecb89f9b59ac5c29b620a5d3ed6,16.0,16.0
612,u:gEtm,65f61449087b9dbb2083da5a93210fd0,8.0,9.0
613,u:hMYA,58dc623cb7357e51b20768411843bde1,12.0,12.0
614,u:i1wb,2179fd8c281cec0879b28ef81510bf9d,4.0,5.0
615,u:h4Q9,6cc49d5b8f241ff0b5f3e4278c9e80a0,3.0,4.0
616,u:bLff,68fde38df89a19739cdd431bb965ff3d,4.0,4.0
617,u:iAid,2cfd02f553e5be68f981a8864f6f8964,3.0,4.0
618,u:cifz,cb695e9d5004ede9aab7925bf0fc5de5,13.0,15.0
619,u:eY8y,45b3b756380a85c42675d5fd64a4e432,10.0,11.0
620,u:eLWd,310ffb7c85104b11d7c9c13db24759d1,5.0,6.0
621,u:cTAd,4e6eee1689a883a483fe26c82d14e8c9,4.0,4.0
622,u:iis9,65e39bd07057893f74d8db10b367f7aa,4.0,4.0
623,u:iDRp,547bb1812414cec172b0afef5ca93fce,3.0,4.0
624,u:hot,4937fee957d27374da32a2c89498b1fc,3.0,3.0
625,u:eCJc,8bd6d060bb604e17c936418f835d87c8,12.0,12.0
626,u:iZSF,94ce583e381ddf3a295d51b9578fdfe5,2.0,2.0
627,u:iG3P,31e86107dcea77c58fdcb216163080df,5.0,8.0
628,u:ieWW,fd4fdcf2b405811203e523f09c95a6ce,8.0,8.0
629,u:iJCV,4e2d55b6054492c18e7c6090bf577d6d,3.0,3.0
630,u:igob,7954dec7e1db52c3f3ff744944b673a5,2.0,2.0
631,u:h0as,0cf63ffe3dda158bc3dbd55682b355ae,20.0,21.0
632,u:f-Z-,4862a6cdadb27edb454e7f62844595eb,6.0,6.0
633,u:gEAj,f371d52889e421e1444ae508be8e62ee,4.0,4.0
634,u:gLn7,466dbe6ebf09c955f07ce13f004e56ff,4.0,4.0
635,u:gIgH,527fae6cb0075a56ce0648ceb292bc55,3.0,3.0
636,u:i4rX,74006bc05725c2d7fa3c04e0785513a7,2.0,3.0
637,u:gmlN,7444d5431007be3aea7a3af966b40428,3.0,3.0
638,u:h5BM,c89921e78c6fb1e5017bc66f3cec0aee,2.0,3.0
639,u:iD-X,bb8d16a1da003f3cbc62262b57496bf0,4.0,4.0
640,u:iD-v,b573a2ebb834b1346202143003738756,4.0,4.0
641,u:iSrT,e83432c98b3619a933438e9300467491,4.0,4.0
642,u:f2jG,6c4b6cb8dc7b3376d0357fdea4ffa8ff,4.0,4.0
643,u:iMp5,bafb877aee1957b5412d184139ae00a9,2.0,2.0
644,u:fM8u,faa6fd18132b358958e440322ee82b4b,6.0,7.0
645,u:i5c9,b314eb04f77f9a6f277a4f6546d51287,18.0,19.0
646,u:fai2,d94aa893b5c536f2a4664637d9bec191,3.0,3.0
647,u:cObm,139766d14e48fe6a5e9182e27ae7aa0b,4.0,5.0
648,u:fM65,c7f714b305e9a17ce7596cfc62b810c5,3.0,4.0
649,u:isYp,653d29704b56b4a27be6b89f0a64453e,2.0,2.0
650,u:hAt-,12157a474f4722909b9a08dc004b8e2d,3.0,6.0
651,u:iPc-,23aea42a8b66fbbca4b27c4d93ae385b,5.0,7.0
652,u:iLPP,961323e510456613053547d6acee68aa,2.0,2.0
653,u:cn0p,52d4c71b837df8530f66d8c243eb13fc,4.0,4.0
654,u:N2m,698a096a49f8a164caa5dcbfad271fd8,4.0,6.0
655,u:im8C,e1cb11fdf2945f82d2b10832bbc6e6dc,3.0,3.0
656,u:hVc7,7b2e60314cad24be935a55062cb7f65e,4.0,4.0
657,u:i7Iy,827a8ecb89f9b59ac5c29b620a5d3ed6,4.0,4.0
658,u:goA,1837362ea5fab46b023c87a9c85b80f9,2.0,2.0
659,u:itYg,6b4ac7ed7cae8cd551c71d1a5b0aedc4,2.0,2.0
660,u:iGed,768f89b2bf27a38b8ae3e9ac849f5576,3.0,3.0
661,u:iQaU,16f2acaffe30cb9a81f422674d398df4,5.0,6.0
662,u:gB-A,668a0288e4db47a03e78c8d660e2b7ad,3.0,4.0
663,u:iDyE,b5703f031d95869a0e1145e2ac6fbc6c,7.0,7.0
664,u:i-2v,d94aa893b5c536f2a4664637d9bec191,3.0,3.0
665,u:imzO,0bc5f4a19bfb7338b2b821e211ee2dde,3.0,4.0
666,u:ja-Q,65e39bd07057893f74d8db10b367f7aa,3.0,3.0
667,u:gd5S,cf21eeedcb9627d0d657b958b45d1e2b,6.0,6.0
668,u:dx2l,03d7fda701ab630433755ed059a3d723,4.0,7.0
669,u:gLc5,e4a6c5abe9f3911c324195b06bebc3c1,4.0,4.0
670,u:qJD,154c7f94dd51181786bb8b138547e1ac,2.0,3.0
671,u:jfxD,dadb5aa7b2d284331cf888f00898224f,3.0,5.0
672,u:h7m-,fcc4527ba312832af9311118cfc7fa1e,5.0,5.0
673,u:gkRW,78eb0de881ebd07dc1845943bcb9b023,7.0,7.0
674,u:hl6Z,4fcb6bb8e44d7b618999721071862827,2.0,3.0
675,u:g--x,e284fa5a944ba7b8793e20a26cffc281,9.0,9.0
676,u:iOi-,653d29704b56b4a27be6b89f0a64453e,3.0,4.0
677,u:hZXe,41ba24ffb11fd09f5fc715d39cc6c1ea,8.0,9.0
678,u:df_9,92a1958cff9926895affe7af378f53fa,7.0,8.0
679,u:in3P,74006bc05725c2d7fa3c04e0785513a7,4.0,4.0
680,u:c4Ke,2c8795e15c8b0b2a5f050de8612b2e12,8.0,8.0
681,u:kBe,bc4cfc44f8c83e308f291d83b95a5771,4.0,4.0
682,u:iq1p,59d202d136b23e429499a13e70067cc0,2.0,3.0
683,u:iM6x,377699e4304a7c075e5a30cc1630d293,4.0,4.0
684,u:i38O,5594b03119f7beb09faeab02bda34d19,2.0,2.0
685,u:ist0,59d202d136b23e429499a13e70067cc0,3.0,3.0
686,u:gkHE,5553a0dd1adb8ab01dcff49a7a2190e0,6.0,7.0
687,u:iP3U,733404922a439bcf40584b61a027a3f9,2.0,2.0
688,u:iuO0,9eaf763f2e18226379e5dbfac1c50376,3.0,4.0
689,u:cpk2,4e6eee1689a883a483fe26c82d14e8c9,5.0,6.0
690,u:iDkW,e7664931db39d9be2d8f6ecd2c0e004e,3.0,3.0
691,u:illt,797df85fa241f274d166630d082e6db3,4.0,6.0
692,u:gzqO,44f26aab67fa8b66afc212eb483c6739,5.0,8.0
693,u:hD8p,5ed55ec92cea6a460d958312209ea9f2,4.0,4.0
694,u:AvA,7a09c4adc45ecc849dd917220c1306bf,4.0,5.0
695,u:ijPy,df596181b00bdb1ecec886e881e434a2,3.0,3.0
696,u:indB,a3cf16fca592d0c4af6d44b6e3abb11b,8.0,8.0
697,u:fKC8,4d2509dacbcc90cddac88cb840fc1dd3,5.0,10.0
698,u:iEQa,08dfcd4e6c86bb047be6dc84e77ed664,4.0,4.0
699,u:hj_H,bd51ddeb540514b183c538b3a79cb7a4,6.0,6.0
700,u:f-LA,827a8ecb89f9b59ac5c29b620a5d3ed6,55.0,65.0
701,u:e_PW,b493941dee612f9cb734318c210ab257,2.0,4.0
702,u:iUnK,69939ce6f88c820dfcbeb8ebb1379023,4.0,4.0
703,u:ihWU,3629ee563c2d56a4869e100a38014108,3.0,3.0
704,u:gT0,651e525355a96d12b1789b8c544a7678,2.0,2.0
705,u:iQI1,ee83763629a0d5a538c07e65bfd65593,2.0,2.0
706,u:hqtH,ede6ab035e42c5f5523c73f955f036ac,3.0,3.0
707,u:hWKP,22e3fc5f089cf47dae927dfddcce2844,3.0,3.0
708,u:e1PP,a6f949fa049279ad56980bfe6cf500f4,4.0,4.0
709,u:iT9p,d6e1fec0bdd8524c85b360010522b7ed,3.0,3.0
710,u:eKp3,5c7ea67876ecc95f79b3ceaf699cd7d2,2.0,2.0
711,u:hE1f,cdfecc9247566d40bb964a218c54c783,5.0,5.0
712,u:gW6o,6d67c94cb5df94bae1d8f5f101db72a7,4.0,4.0
713,u:hE7b,bfb6c681b3a663e8586cb4b875e80ea2,5.0,6.0
714,u:igAg,2b0972f94b2b020542e239219cc9f9ff,2.0,2.0
715,u:iHcb,631d297c324518ea97ac01fd2abd6e46,1.0,2.0
716,u:i6c4,c9fb923e49d5cba24b5afb9ee1cff2a9,2.0,2.0
717,u:gbKW,ba02d44835763e99e1835dc3cc75f60b,5.0,6.0
718,u:hi0D,575d2821d7c3fa6d410c0eb2ea878f28,7.0,8.0
719,u:iaJS,730b0cea8ba72488da248501583b0ea3,9.0,11.0
720,u:hQkI,c042776c6e21db7522381dc8a022e74e,18.0,19.0
721,u:hQnI,f21a429c717dd93b9f5723f20d87ab8a,6.0,7.0
722,u:b5GM,28be98309e892e45c6e4d705938fcf68,9.0,10.0
723,u:fTmH,dbb39d99d85992665a890faf9954eda2,4.0,5.0
724,u:iPoJ,be2ec2c393a6049b9e1928af32c3cf08,2.0,3.0
725,u:iaVd,25dcc7b3420a56110835a165f02513c9,5.0,6.0
726,u:fv5i,65e5296142d056fd1403e95fb027f107,2.0,4.0
727,u:iI4h,79bc604cac932a2b9dd8df4ed021892d,2.0,2.0
728,u:cLtR,70330beaf1dc949ce6544eb1c30b757a,2.0,2.0
729,u:i6T6,cc86e49e66863d159c228a7216fc5c1b,3.0,4.0
730,u:ibEl,822ef52ef2cf0f095a65190d10958517,4.0,4.0
731,u:h6-i,2b97dce464f0a69324ffd2955a7eff1f,3.0,3.0
732,u:i1T8,390ca9c2868c14c5616c460e4f31762c,3.0,3.0
733,u:gDjX,341c91dfabbda45c7323930090c25d52,1.0,3.0
734,u:iQv-,8a983364dfa0384768234c9b8f843a6d,2.0,2.0
735,u:hm5q,97e922f780d628eac638bea7a02bf496,21.0,22.0
736,u:hKDH,7da6a45fb9278755569c759bead84c4d,10.0,11.0
737,u:m7y,17bff849c2fb6654d3022b0cef3f5b64,69.0,80.0
738,u:crke,e16c578226476ae646530b6356f9b0ad,6.0,6.0
739,u:h0dC,367e6287caf3f06b3b9f0e2a1dd2ec5c,3.0,3.0
740,u:hK_n,8fd8a3eca8b85ed3418bff774389f1f2,2.0,3.0
741,u:iYgu,2a5f9687f146bdb703ab03f7bedf2d3c,4.0,4.0
742,u:Arp,22eab84cf4ccfcc9142cf1a5aeb1867f,10.0,10.0
743,u:iWDL,7aa2228c30f03c74ba51ba58a7159782,4.0,4.0
744,u:cRHd,109cddf825db4d8e0d00d19b2c3cb1b3,2.0,3.0
745,u:d255,c52ab45d4e22ee7580041911159e3c0c,8.0,9.0
746,u:iGSM,81d3f527c32966c66d91396f06430cf8,4.0,4.0
747,u:i_gu,967bfdb9d5180c33cfb21dca82034e85,3.0,3.0
748,u:gsXn,4ab26c0dbe3d26747e4a00b228001ce0,5.0,5.0
749,u:gRaS,5187edd4b17d4b010cc27f94d1d82b47,7.0,7.0
750,u:gL1x,a2f363f17e86b56e2d51f5c15c4b886b,6.0,6.0
751,u:isRl,7dfd7086f3671685e2cf1c1da72796d7,18.0,19.0
752,u:t3r,c1c9deb2ebe11a0ee05ba3f8aac5c17e,5.0,5.0
753,u:h-lv,17bbece268a95c1fbf901788c16f43bf,10.0,11.0
754,u:Gi_,1f9f7fe66104f572043d3dd534634334,6.0,6.0
755,u:i0ct,827a8ecb89f9b59ac5c29b620a5d3ed6,4.0,4.0
756,u:fWfY,d7d669520d89eac36cf587ccae7681a8,8.0,8.0
757,u:jcxa,5cd2980e6883c8c03e38cfd7405a681b,5.0,5.0
758,u:hh5f,bce6c6ffece32f2c9553528a6d10d06c,3.0,3.0
759,u:ifM9,a94a938b71c9bd3352c0811cb5f94d72,3.0,4.0
760,u:iBWz,c7cdabd85f63506807f8d856897a2089,7.0,7.0
761,u:iutM,605a1c36da2cf22706eaad95b0b7eeee,2.0,4.0
762,u:gVoj,dda027f2a23ac4b34effe710858ff724,2.0,2.0
763,u:il05,b314eb04f77f9a6f277a4f6546d51287,6.0,7.0
764,u:iHxj,b1fa821800397fc725c5d29e1a950dfd,2.0,2.0
765,u:iJv8,b968b069e4e2c04848e9f8924e34c031,4.0,4.0
766,u:fA4A,6d6841b5a0ea88d87c2a7b6eee95ab48,62.0,71.0
767,u:i2Gu,74b2ac77cf1b5c548dee1241dd3667b9,2.0,2.0
768,u:JZo,f6961332f09e344a1aaf88703eb3096a,12.0,14.0
769,u:i2Zo,16f2acaffe30cb9a81f422674d398df4,4.0,4.0
770,u:gH06,cf42e5d33bdbdfe5a870aa328bad5e22,2.0,2.0
771,u:gbiM,7ca59979d0c746c63d39ab85db3ef306,4.0,4.0
772,u:h8Ta,b968b069e4e2c04848e9f8924e34c031,12.0,13.0
773,u:hgeK,1e1f8d730c4ba99ad2873a7608324cf6,8.0,8.0
774,u:eKGD,bf1a0991fde06d4d50de759624aa28be,2.0,2.0
775,u:h1kX,960198d7136e70bb8208ef567dc66743,2.0,2.0
776,u:i_NH,389d16a7713404bf18de999b57a54eae,4.0,4.0
777,u:fhP_,68f3511800709e4fdc798b2afcc227cd,2.0,3.0
778,u:B70,300af9de3ca46c837e194f0f83ac3885,5.0,6.0
779,u:iNPd,6b945b144608aa4e5b254baf20e2be77,4.0,4.0
780,u:g7Z0,ff5d64dc9c3944ecc01653ca661888df,2.0,2.0
781,u:icIp,0e9f09196d4abc6a5ae82dd6d8772c95,4.0,5.0
782,u:jarx,7c5f7481bd058705944beb130edc5882,4.0,5.0
783,u:e06F,7ac56359d01420803f98c9c80ef266e8,6.0,6.0
784,u:iJoh,5fbb4578c6e08d3122b2321720d682d7,1.0,2.0
785,u:g1Y8,b43239f837356c525ca7d743d83fbf57,4.0,5.0
786,u:fYfK,4fdaa498ad844fc4c7adf7ddac542751,9.0,10.0
787,u:vHK,6d6841b5a0ea88d87c2a7b6eee95ab48,8.0,9.0
788,u:dLU0,827a8ecb89f9b59ac5c29b620a5d3ed6,7.0,9.0
789,u:fIOn,8cb617be9fdd00afacece5e116621006,3.0,4.0
790,u:h94D,b1d3c09c2fbf94a1bfa279ea186b9a12,4.0,4.0
791,u:gUxP,56d40fb7b9c3644375aad62b1c725f2c,8.0,9.0
792,u:fv8Z,b493941dee612f9cb734318c210ab257,33.0,36.0
793,u:dDcp,b9c32895e281d9bb82c033e4cf0a078a,6.0,6.0
794,u:jaPo,14781b6bcfcfcaaf954edc771d25d8a4,2.0,2.0
795,u:h1_w,7d5c9c888f97a47883c8c0065efd1cde,9.0,9.0
796,u:d3Ha,827a8ecb89f9b59ac5c29b620a5d3ed6,5.0,7.0
797,u:h0x5,fbe67675995a14ca58c2add83bfeb82e,4.0,4.0
798,u:iTBK,726f389db907347cd76ced1015c337c1,2.0,2.0
799,u:iE3o,59c0b5acd6bc34ced372852c86fff52b,4.0,4.0
800,u:hvAy,f19bad09b7354d4cf02403544519d849,4.0,4.0
801,u:gWAz,dd7cbaa0be9b2284da42b71bb7c47c0d,2.0,2.0
802,u:hPAC,1cd97e3ca798b64b751e358fdb0b1030,3.0,4.0
803,u:iJen,3d69e78dafc9bb33f926626a63c580bb,4.0,4.0
804,u:hjl2,68e328506cbc66fa56e2dc4328ba8789,2.0,5.0
805,u:dhxb,7d481c3b4f96a3a05ab7795a82124d2e,9.0,9.0
806,u:ia1X,edc4b14bab3ceef1d638ad779721f984,3.0,3.0
807,u:i1hC,65e39bd07057893f74d8db10b367f7aa,3.0,4.0
808,u:eVRq,66c11e49dde905787ba0b8c8b7f85115,5.0,5.0
809,u:i9OI,e83432c98b3619a933438e9300467491,19.0,19.0
810,u:iEMF,321a2b03427b8baa0f58c2dd0a22723c,1.0,3.0
811,u:ts7,55c1a67b846dfc181607afc72a8319d4,22.0,24.0
812,u:iH0T,cdfecc9247566d40bb964a218c54c783,3.0,3.0
813,u:gZbS,2bf969e8c0ed26432ed5fe08e4eafaad,3.0,3.0
814,u:dT6L,8b938fbf0a8c2b5b6da9b7d61019fa2e,2.0,2.0
815,u:iN7K,8b6401409f89715543edb1e0c707c162,2.0,3.0
816,u:dc-r,0cd82646c611fbd2bc0e6a0e9f2ad218,5.0,6.0
817,u:ihu1,fc37775015029e1d39f073eda2852b82,5.0,5.0
818,u:dz5r,5481f195e13174e3487e4390cf6259f8,9.0,9.0
819,u:iHh3,28de9c918b4093df7f88896e37213b27,2.0,3.0
820,u:dNOP,ec3bf0aff1f9c75a64d44ac1f13289f0,3.0,3.0
821,u:ga2R,dd34978165d17f7e729a2ef331a7600d,13.0,13.0
822,u:gonq,658242fffdcec0d483e6d846ead4506c,6.0,6.0
823,u:ixzY,e83432c98b3619a933438e9300467491,3.0,4.0
824,u:i6HR,74b2ac77cf1b5c548dee1241dd3667b9,2.0,2.0
825,u:Gl0,134d40daf8d6dd001ffe2b3113868c93,4.0,4.0
826,u:gzBd,dbfcff53f62c7064cd3af7e2838936f1,27.0,32.0
827,u:EBK,59102881589724d433351061c804d3cd,8.0,9.0
828,u:iNfs,fda174b61b0ed5e2eaa6deceae37f56b,6.0,7.0
829,u:hJnc,a6d1be753de87a9ad446c29d4dc217b5,3.0,3.0
830,u:hVVR,3e9be7ef8bbcf40e1bb3ae3a443d989b,4.0,5.0
831,u:itmc,a9d9e40ec966f6bf6a78080d8d1947ac,2.0,2.0
832,u:iJi4,021ba9ac4658d331dba26050448b4f34,2.0,3.0
833,u:eR70,e5eb6ee7cc4684582cd2bfb48ee8e23f,5.0,5.0
834,u:bbEJ,751870fa2768a6ee46e433d2b2852ce8,6.0,6.0
835,u:g8bA,3381865bed47a3bd9fcfb725efe8ab5c,4.0,4.0
836,u:dhJS,50b13a1ad5b08a2839578f5ac0cc5b9f,2.0,3.0
837,u:i1Wg,96e400fdbb0c09c224142b771abf2cbd,2.0,3.0
838,u:hjsQ,f8fdb9076b95ddccaccdbad286b0b558,3.0,3.0
839,u:SHz,5b39549a1e9bedb73fa6ec8d57fdf05e,3.0,3.0
840,u:iRox,3101845e143b1e9250ef997187a2c79a,2.0,2.0
841,u:iphb,81895adaf136a8e29a4e661724ccf9e8,3.0,3.0
842,u:jbPE,12157a474f4722909b9a08dc004b8e2d,5.0,7.0
843,u:iDVc,a9aad0b998c44a4f6ed4b9295084dd57,3.0,3.0
844,u:heul,928787744a962cd4ec55c1b22cedc913,9.0,12.0
845,u:q7T,b77ab67cbe0cd5b103bae870365329f6,9.0,9.0
846,u:ijzh,0b1edc026029c010555cfc22f54ee25f,3.0,3.0
847,u:jazt,958e352cb64f78feed5afb5b95657dbe,4.0,4.0
848,u:bmrS,165dc4d4b42c9d825cb913541fdd09a7,4.0,5.0
849,u:i0zu,6717aa032ad1b26e65cbbab25da5d308,3.0,3.0
850,u:gGLM,1bae0c85b056423560ddb9623f23773f,5.0,5.0
851,u:gys5,37c2cf9dc926fcfb48440a4e4e6b6812,3.0,4.0
852,u:gQ51,25dc66f6fbee40cf12aa94b1bc9398d1,4.0,4.0
853,u:it3j,e4a6c5abe9f3911c324195b06bebc3c1,10.0,11.0
854,u:iigG,d7d669520d89eac36cf587ccae7681a8,4.0,4.0
855,u:hNoI,b77ab67cbe0cd5b103bae870365329f6,4.0,4.0
856,u:iS-i,ee83763629a0d5a538c07e65bfd65593,4.0,4.0
857,u:g6q0,f19bad09b7354d4cf02403544519d849,3.0,4.0
858,u:h6ET,7504fc17a5a2fcc8b71c426f52eff5ff,1.0,3.0
859,u:K2o,341c91dfabbda45c7323930090c25d52,6.0,6.0
860,u:hTNr,c3c416ec9a16d9ec6f7b96236c5b49e2,12.0,13.0
861,u:bP4a,495f763ef6027e020c53431484aa5ede,6.0,6.0
862,u:ibly,928b0f7cd8a4786049c8736662197744,3.0,3.0
863,u:dTXm,e09b138d58a98c83f120ffbc898ce818,11.0,11.0
864,u:gEfK,7d4f55ded50c82e0ec73d889e3a9efd8,4.0,4.0
865,u:eAHV,2199c2e34a246811ededdd765f1933ce,4.0,4.0
866,u:iOV-,c0a645ef0812cf50c9807987c45e2701,2.0,2.0
867,u:dkM1,bcec23e952412fc27085a6af6289f821,3.0,4.0
868,u:gRKc,d0705eafec00822b93bf9cc9a9189bba,7.0,8.0
869,u:iAan,da95631a0adf347cb57054f2b49533f8,3.0,3.0
870,u:iI5g,40bcbd8339eeae2ed5ee89caf5c517c5,2.0,2.0
871,u:hOCq,841b06c7071b815dc0b23517ff200496,3.0,3.0
872,u:ilfl,bc77537cb121e6e22bd91949fbecc4c4,2.0,2.0
873,u:fysM,668a0288e4db47a03e78c8d660e2b7ad,3.0,3.0
874,u:cO13,aa94db3b587c7027e8505c25f6fc8ed9,11.0,12.0
875,u:i_RS,a6834806c43ea1be9eb3e4fdae6f98db,2.0,2.0
876,u:i9U9,d78b69f130faff0f7a51d4d2266c4b7a,3.0,3.0
877,u:gFz,0f4f9c3846cfb1c25afb44d5e46642b8,6.0,9.0
878,u:in8N,cb9b44daeb2fd896731bcdef127db8c3,8.0,8.0
879,u:iN1x,389d16a7713404bf18de999b57a54eae,2.0,2.0
880,u:gQIt,0675fd378e3251994addd1184a560eec,3.0,4.0
881,u:hyay,107cc07081fadc4035141c3bb5f43d88,5.0,5.0
882,u:fB_6,a18e94e6d95abfb6d23e941ef0132505,12.0,12.0
883,u:iCJC,87c450efea56f8f35f5ca4e48906a192,2.0,2.0
884,u:iSSZ,fda174b61b0ed5e2eaa6deceae37f56b,4.0,4.0
885,u:hMxZ,61c2f4dd9c024c9d99910ba2b04590b1,14.0,14.0
886,u:cBSq,2c370f156deb55e34cde0fe1f51f826a,6.0,6.0
887,u:hT5w,06285f8d7cb2f4bfb718799477942b99,2.0,3.0
888,u:h6rG,97e922f780d628eac638bea7a02bf496,6.0,7.0
889,u:iTuf,eac0a6e012ae1793120d137c1d0b6596,5.0,5.0
890,u:ircY,d64b11ab44cc6fa1b32ce3d4998bd5af,3.0,3.0
891,u:h07V,ef1f94c0e977e97bd02772867e9110f1,6.0,7.0
892,u:iKNE,7dc4a803d5fc1c35fd2f12269b54e908,5.0,6.0
893,u:hzaA,15f962d0625bff96e695a60fba7e2721,3.0,3.0
894,u:iS0V,1f52d650da1ee41e47ee11caf853e6f4,4.0,4.0
895,u:eS3F,8d14467f25ee2fe7f87946abc1fb3df6,7.0,8.0
896,u:hEDB,7e91b175e5c1142d358e5fb91281a448,3.0,4.0
897,u:gaQx,f3c7297e32f4bf16d315ea5982e950c2,3.0,3.0
898,u:h4cW,306fcf04f2bb44ed74798ae3007a3f60,2.0,2.0
899,u:drL1,791999e58f17fdd40d6ee18425a8d25f,3.0,3.0
900,u:iFVr,65e39bd07057893f74d8db10b367f7aa,10.0,10.0
901,u:ivYW,48f7b9ca4acd0a19ac0ff5ccd8cbd65a,2.0,2.0
902,u:fruF,a40346b97944ca3665966b2f7c716089,3.0,3.0
903,u:iTMj,9cbe4ff448a888bb327e212e6bb89b72,3.0,3.0
904,u:igFE,8e6df998cc5c26b86482a3040a5805e2,8.0,9.0
905,u:d10z,16849f7c84450e13d864046c2c8e0640,3.0,3.0
906,u:eigx,33edaaffdad5491d67ed5ade87394b40,2.0,2.0
907,u:hFbX,f00cd5d54171096208a6a1e13ab02ab9,8.0,10.0
908,u:fCXF,ab94aae2b451eece63b55c712145ad61,2.0,4.0
909,u:eEKV,08dfcd4e6c86bb047be6dc84e77ed664,7.0,7.0
910,u:hvGp,fae0c7ea7a27e80f43b341f52bfc3cd1,3.0,4.0
911,u:hxJr,de64b0a3bb8cb9360e85a1a87d8c3c44,13.0,15.0
912,u:h579,2199c2e34a246811ededdd765f1933ce,4.0,5.0
913,u:iSK5,ee83763629a0d5a538c07e65bfd65593,3.0,3.0
914,u:iL9x,e16c578226476ae646530b6356f9b0ad,2.0,2.0
915,u:fihM,db39f8fc3c7ad9cfbdd37439fdf83168,4.0,5.0
916,u:hJAc,bb7ca1ff45b2ac26c875c4e764b48935,9.0,10.0
917,u:iQfE,4556e51486a9c3283d4863a13b326f48,3.0,3.0
918,u:fowg,ca886bc339ea78c58abea6250665ad49,2.0,3.0
919,u:g_co,7daf4f95633cad04d50425db7cbc6326,3.0,4.0
920,u:cYPO,958e352cb64f78feed5afb5b95657dbe,15.0,18.0
921,u:iJS4,22e3fc5f089cf47dae927dfddcce2844,3.0,3.0
922,u:iXoo,653d29704b56b4a27be6b89f0a64453e,3.0,3.0
923,u:hY0p,25872fc2e77acd9d05a1f1281e4b88ee,8.0,9.0
924,u:f3QQ,11a42adad4515ac47c5e4708d1c26bb7,6.0,7.0
925,u:gTxg,75ca7cee2c7d8e7f51480e17139ad0f3,3.0,3.0
926,u:hKDr,4a441926f8eaa322e2b9949a40b94ccf,7.0,7.0
927,u:fddg,928787744a962cd4ec55c1b22cedc913,7.0,7.0
928,u:hSTd,92545dc760008a4cdb29e841e6121952,6.0,6.0
929,u:ispC,f644e2ba492883cb5808c939c51c909a,12.0,14.0
930,u:eS3F,861e17979b07a89a4eb23a81c0d29ed6,6.0,6.0
931,u:h3R5,6f9902a2e4d1f353aecc47843c9df6e7,2.0,3.0
932,u:gmjw,cfd0209136e56af5674beb77f8d26755,7.0,7.0
933,u:dXsb,2d7715db3b4a525d703dee6e80e38c6a,22.0,22.0
934,u:iOek,a52bc2771bde31d4d5e80bd29f350714,2.0,2.0
935,u:hPeK,8eb7f75896f6990366d6c8876c0b1987,3.0,4.0
936,u:i2oP,6467457ef675ada64c360e7d17642aaf,2.0,3.0
937,u:fJPW,e2b48e264e46d96e88977bbdebbe9432,3.0,4.0
938,u:dZdP,3ab110813111153c812b0413194ff50c,6.0,6.0
939,u:hn4W,145db07b1be00fbaee544744c67a4701,2.0,3.0
940,u:eoxa,bc2f9e0970ba02e471db084eff55b5cd,4.0,4.0
941,u:iKte,b314eb04f77f9a6f277a4f6546d51287,2.0,2.0
942,u:hZjU,460557b60caed60924e0191342faced6,4.0,4.0
943,u:i7hP,5fa72aeafbde5b346681886abbabf3f3,2.0,2.0
944,u:i_HJ,958e352cb64f78feed5afb5b95657dbe,2.0,3.0
945,u:uGl,87c450efea56f8f35f5ca4e48906a192,2.0,2.0
946,u:f7mV,cfb86260a1c58618c1741a5e3caa316b,3.0,3.0
947,u:iq61,6b1758597a104fab874420e950bfbad3,2.0,2.0
948,u:c699,1f52d650da1ee41e47ee11caf853e6f4,97.0,108.0
949,u:iNYD,8eec7a2d53c083e7657ad6d2083e0ad8,3.0,3.0
950,u:hWs1,3afc6d812aa6ea3a4220d10f86a705c9,6.0,6.0
951,u:iGfo,faa6fd18132b358958e440322ee82b4b,1.0,2.0
952,u:iPEw,b974624f112084b39586380fe4aaf32a,2.0,3.0
953,u:gjya,f060918652df299a3aae400cca597b5d,4.0,4.0
954,u:gi52,0e3303d571a42799644a2369e5117735,2.0,3.0
955,u:iQPD,65e39bd07057893f74d8db10b367f7aa,3.0,3.0
956,u:fU6Y,1972b3570ac0b8b2689ba27bef76e819,3.0,3.0
957,u:ii5P,0d9244f805fd55af1281a1bcb1a2cba6,3.0,5.0
958,u:iG5V,4406f1c64403562eb84df43d2aff4a4a,3.0,4.0
959,u:hgoF,cc996312cd47e305f8b9058d3afc958c,1.0,2.0
960,u:h8Np,547bb1812414cec172b0afef5ca93fce,3.0,4.0
961,u:ibSO,f0afde011fdbd05f904638cd2776d722,18.0,18.0
962,u:i1lE,d08cf940a72a6e1df3a6ae6bbd9f100f,3.0,3.0
963,u:iMMm,c89df1e3370573e88df637fe3eedc15d,2.0,2.0
964,u:hn-Y,9cfb037fb5bf9051645e9c7d5d336c73,2.0,2.0
965,u:daD7,33fead6e037d756872320b88174166d3,17.0,18.0
966,u:iRk3,23b995a641775627bb73d7959c8cb54e,2.0,2.0
967,u:bKWi,84d1525ced1b7226ebdae73da9269b25,5.0,5.0
968,u:hnn8,c3c416ec9a16d9ec6f7b96236c5b49e2,7.0,7.0
969,u:hAfh,61cb6ea259584128835bd14edd8d6de3,2.0,2.0
970,u:hgy_,0bd5d9cd7baaaf384b5344e27d15cecd,7.0,9.0
971,u:giew,54ed4cf41cbbae2ce97ddda174b5be84,14.0,16.0
972,u:hJTA,2b28e6b398b36d4f7f6ef0b7da31fd5c,25.0,27.0
973,u:hm9G,7c428c5a2e91c43a7cba5d11fb7d7c87,8.0,9.0
974,u:sR0,cf1858f99b3f31b59ecc1020e3dbc9b7,10.0,10.0
975,u:fOCs,cea25080ac57e5c12f7e0676f70a54df,10.0,10.0
976,u:g6Bl,0d9244f805fd55af1281a1bcb1a2cba6,3.0,5.0
977,u:il0k,8e6df998cc5c26b86482a3040a5805e2,26.0,29.0
978,u:d4OR,0fadc49b26181061ec3c810ad3002f6b,6.0,8.0
979,u:iKFT,4b3df2ebedd7644b3150c27e42487633,3.0,3.0
980,u:iwT7,8f39c1217e8e40a60baac6a5a5a1348a,1.0,3.0
981,u:g5V3,16f2acaffe30cb9a81f422674d398df4,2.0,2.0
982,u:jap2,60ca04f13f84bd807301e4407f7b6f18,5.0,5.0
983,u:iJVS,20dde14c9907e353804d0de13f198543,3.0,4.0
984,u:hooI,f0f2727a8c1b436349fa2f07bc698945,2.0,4.0
985,u:ioE6,f3996a785b8d9fe04c44850c79a0a337,9.0,9.0
986,u:h_Li,3e799dfe21b2ef7136996b40826a00b4,2.0,2.0
987,u:cIG9,6cccf8c1e2cf55255a1c30cda9da9cef,2.0,2.0
988,u:gJYQ,575d2821d7c3fa6d410c0eb2ea878f28,4.0,4.0
989,u:g2ih,a6f949fa049279ad56980bfe6cf500f4,7.0,8.0
990,u:hFKf,a89c81adea41dab4e9587bb884e2f3d3,2.0,2.0
991,u:fcwJ,1fc2f0656f2fe60d027751545f84e7d5,46.0,49.0
992,u:il-I,7bd184d1bb2f5efeecdf412f54026cea,3.0,3.0
993,u:e1-4,cf27a39ca3fcc861581ba158307d9b1a,4.0,5.0
994,u:i53t,bae1d9927dc8b6f7b0d0a85263d4b74f,2.0,2.0
995,u:bgm,03aaf61ae9dca70070214f3c390ebd7e,19.0,23.0
996,u:iBxe,97e922f780d628eac638bea7a02bf496,8.0,9.0
997,u:g_OL,5fc16736d9679de18b8293507d707bb1,4.0,4.0
998,u:dZX8,9c2869c9ee9e46c450ad325ba3048261,8.0,10.0
999,u:e8mn,3c3ef61b68615d9b1fd2d24e6f18fba8,5.0,5.0
